stdPCA1,stdPCA2,stdPCA3,meanPCA1,meanPCA2,meanPCA3,meanS1,meanS2,stdS1,stdS2,rebuildError,ratios,stdFFTSHA,lenFFTSHA,stdlenFFTSHA,lenstdFFTSHA,posFFT,minstdS1,maxstdS1,mmstdS1,minstdS2,maxstdS2,mmstdS2,posRatio,stdWavelet,meanWavelet,class,
2.443969e+00,1.956057e+00,1.419750e+00,-1.130227e-16,2.300462e-17,-3.150633e-17,6.309091e+02,7.756364e+02,2.721196e+01,8.400985e+01,4.556362e-04,1.628390e+01,7.350470e+00,18,4.083595e-01,2.448823e+00,12,2.328590e+01,2.373020e+01,1.931608e+01,6.278225e+01,7.919042e+01,5.628153e+01,2.608696e-01,6.327070e-02,6.662223e-03,Normal
3.258185e+00,1.120398e+00,8.307147e-01,-1.528407e-16,-4.200344e-17,5.618962e-17,2.118500e+03,2.387667e+03,2.580940e+02,7.816869e+02,1.418329e-04,1.884596e+01,8.783624e+00,20,4.391812e-01,2.276965e+00,11,2.580940e+02,2.580940e+02,2.580940e+02,9.432804e+02,2.757716e+01,7.816869e+02,6.666667e-01,2.106809e-01,6.672730e-03,Normal
2.647761e+00,1.797890e+00,1.190613e+00,-1.489627e-16,8.707632e-18,-5.675510e-18,1.584667e+03,1601,4.459196e+02,1.930837e+02,2.340471e-03,1.815262e+01,4.363135e+00,30,1.454378e-01,6.875790e+00,5,5.119453e+02,6.293250e+01,4.459196e+02,2.109060e+02,5.029248e+01,5.515433e+01,2.500000e-01,1.224217e-01,-3.863431e-03,Normal
2.767485e+00,1.699618e+00,1.107745e+00,7.495414e-17,-2.916449e-17,-3.437746e-17,5.001667e+02,687,4.192381e+01,3.717257e+01,3.348339e-03,2.403086e+01,5.226199e+00,21,2.488666e-01,4.018217e+00,8,3.870518e+01,3.858568e+01,3.538503e+01,3.471087e+01,3.192091e+01,2.930491e+01,5.833333e-01,5.161521e-01,3.978527e-02,Normal
2.381787e+00,1.941468e+00,1.482395e+00,2.343804e-17,3.225815e-17,-4.268191e-17,6.019000e+02,9.280909e+02,4.601075e+01,3.785883e+01,4.658371e-04,1.219445e+01,3.040559e+01,3,1.013520e+01,9.866606e-02,14,3.746925e+01,4.621087e+01,3.783965e+01,3.680957e+01,3.154697e+01,3.047039e+01,0,4.047678e-02,1.033025e-03,Normal
2.351070e+00,2.231793e+00,1.298332e+00,1.912346e-17,-1.770691e-17,-2.379366e-17,6.002857e+02,8.047500e+02,3.054895e+01,7.474098e+01,4.173953e-04,1.746448e+01,3.179308e+01,6,5.298847e+00,1.887203e-01,6,2.138613e+01,2.471235e+01,1.192896e+01,5.238139e+01,7.431657e+01,5.155741e+01,3.750000e-01,1.793463e-01,-4.608286e-02,Normal
2.292458e+00,1.897905e+00,1.575003e+00,-6.365279e-17,-6.167906e-19,3.454027e-18,751,1.343250e+03,1.614104e+02,2.965457e+02,4.161076e-04,1.108586e+01,8.724350e+00,37,2.357932e-01,4.241004e+00,10,1.713884e+02,1.866190e+01,1.331165e+01,2.979719e+02,2.393358e+02,2.438126e+02,2.500000e-01,9.450677e-03,-9.552203e-04,Normal
2.667426e+00,1.835141e+00,1.191704e+00,-9.425114e-18,-2.966139e-17,2.016697e-17,5.606667e+02,6.715000e+02,3.329301e+01,8.572313e+01,2.963913e-04,1.618425e+01,8.850942e+00,20,4.425471e-01,2.259646e+00,6,3.180023e+01,2.770855e+01,2.604355e+01,7.908109e+01,8.061807e+01,7.418775e+01,4.000000e-02,6.654742e-02,-2.119333e-04,Normal
3.233788e+00,1.185290e+00,8.869815e-01,1.904649e-16,-1.949058e-17,1.554312e-17,5.583750e+02,1.287875e+03,1.242046e+01,5.391644e+01,1.733822e-05,9.422981e+00,8.409553e+00,18,4.671974e-01,2.140423e+00,9,1.004514e+01,1.128421e+01,8.786353e+00,4.138725e+01,5.153963e+01,3.875263e+01,0,2.452470e-01,-5.907083e-03,Normal
2.270163e+00,2.161013e+00,1.420520e+00,-7.105427e-17,4.934325e-17,-5.218048e-17,1668,2.336667e+03,1.466333e+02,5.989293e+02,6.985664e-05,4.988637e+00,8.235194e+00,21,3.921521e-01,2.550031e+00,12,1.599542e+02,2.386071e+01,4.242641e+00,6.646804e+02,1.223295e+02,5.989293e+02,1.250000e-01,1.497058e-02,-1.655812e-03,Normal
2.287218e+00,2.163506e+00,1.371402e+00,7.326913e-17,9.228554e-18,-4.921896e-17,1.633750e+03,2.011250e+03,1.947586e+02,3.202211e+02,1.097489e-04,5.021656e+00,5.502066e+00,12,4.585055e-01,2.180999e+00,6,4.118657e+01,2.135096e+02,4.030509e+01,2.980140e+02,1.461175e+02,5.020458e+01,8.888889e-01,1.061139e-02,1.061634e-03,Normal
2.281919e+00,2.227064e+00,1.330204e+00,-3.770046e-17,-1.024981e-16,-9.549858e-17,8.416667e+02,863,4.123075e+02,2.970623e+02,4.015057e-04,8.092126e+00,0,2,0,2,6,4.364845e+02,1.076847e+02,1.033969e+02,1.027501e+02,3.119470e+02,9.957075e+01,8.333333e-02,4.536809e-02,1.594895e-03,Normal
2.315134e+00,2.223701e+00,1.298564e+00,-4.687608e-17,-1.296494e-16,-5.353742e-17,6.873333e+02,1.090444e+03,1.348277e+02,1.811437e+02,8.000518e-04,1.385732e+01,1.487616e+01,6,2.479359e+00,4.033300e-01,12,1.338592e+02,5.564540e+01,4.477350e+01,1.819383e+02,1.319510e+02,1.323353e+02,3.157895e-01,1.229881e-01,2.670570e-02,Normal
2.390542e+00,2.046409e+00,1.405624e+00,2.934754e-17,-4.208327e-17,-1.162827e-17,1.288600e+03,1.547400e+03,4.134789e+02,5.127790e+02,3.573708e-05,4.969561e+00,3.707619e+00,28,1.324150e-01,7.552017e+00,7,4.270983e+02,3.000015e+02,3.342918e+02,4.966618e+02,4.469773e+02,4.674209e+02,7.272727e-01,4.374974e-02,7.715977e-03,Normal
2.815394e+00,1.634139e+00,1.198929e+00,2.370889e-16,1.476275e-16,-1.282388e-16,4.912500e+02,7.416000e+02,2.903303e+01,4.254762e+01,1.437568e-03,1.584330e+01,4.485068e+01,5,8.970136e+00,1.114810e-01,4,2.706166e+01,2.343786e+01,2.545584e+01,4.271612e+01,1.701715e+01,1.320353e+01,1.000000e-01,7.829413e-02,-7.479029e-03,Normal
2.399642e+00,2.149091e+00,1.303919e+00,7.352144e-17,-2.664535e-17,-7.894919e-18,1.040143e+03,1.108571e+03,3.284811e+02,3.732943e+02,3.383688e-04,1.884596e+01,1.163062e+01,19,6.121377e-01,1.633619e+00,12,3.522481e+02,1.926049e+01,1.502332e+01,3.926316e+02,2.310796e+02,2.498303e+02,2.666667e-01,3.138936e-02,7.529299e-03,Normal
2.351049e+00,2.036866e+00,1.424102e+00,-7.795570e-17,1.222264e-17,-1.138597e-17,5.724444e+02,8.956667e+02,3.760024e+01,5.061126e+01,2.156019e-04,1.567500e+01,1.250778e+01,10,1.250778e+00,7.995027e-01,6,3.045342e+01,3.203765e+01,2.365325e+01,4.559370e+01,3.332068e+01,2.497618e+01,2.631579e-01,3.814720e-02,6.767363e-05,Normal
2.508005e+00,1.934794e+00,1.291453e+00,-1.036208e-16,4.046146e-17,-1.381611e-17,3.598889e+02,5.656111e+02,2.710305e+01,3.250726e+01,1.752445e-03,2.272601e+01,1.364758e+01,14,9.748271e-01,1.025823e+00,12,2.636759e+01,1.633158e+01,1.475523e+01,2.247433e+01,2.968895e+01,1.807715e+01,1.081081e-01,5.143739e-02,4.768463e-03,Normal
2.800168e+00,1.792102e+00,1.106754e+00,8.948481e-17,1.631291e-16,-2.779031e-18,1.528667e+03,2.121500e+03,8.710341e+02,2.284914e+02,5.658796e-04,8.733080e+00,6.382625e+00,33,1.934129e-01,5.170286e+00,7,6.781154e+02,5.515433e+02,8.710341e+02,2.548810e+02,3.837100e+01,4.171930e+01,7.500000e-01,3.373824e-02,-4.649101e-03,Normal
2.421336e+00,1.905321e+00,1.432808e+00,-8.857113e-17,-1.504969e-17,-1.751685e-17,1.157286e+03,1.161143e+03,2.940360e+01,2.310432e+01,2.448438e-03,1.607450e+01,4.196170e+00,35,1.198906e-01,8.340939e+00,14,2.058559e+01,2.750091e+01,1.800833e+01,1.919809e+01,2.300217e+01,1.955249e+01,9.333333e-01,7.569114e-02,-1.371019e-02,Normal
2.338652e+00,2.075578e+00,1.395542e+00,1.091056e-17,1.378564e-17,1.677867e-16,6.573333e+02,9.041250e+02,2.682350e+01,5.247704e+01,1.076434e-03,1.522171e+01,4.065792e+01,7,5.808275e+00,1.721682e-01,6,2.445988e+01,2.024140e+01,1.717418e+01,3.905491e+01,4.959647e+01,3.550023e+01,2.777778e-01,5.708748e-02,-9.926685e-03,Normal
2.787221e+00,1.825629e+00,1.153695e+00,2.063445e-17,-1.247879e-16,1.079944e-16,6.355000e+02,6.446667e+02,2.243575e+02,2.151155e+02,3.007118e-04,1.607879e+01,1.418185e+01,9,1.575762e+00,6.346138e-01,4,2.265760e+02,1.911719e+02,2.022020e+02,2.189578e+02,8.117881e+01,6.857781e+01,2.307692e-01,3.367699e-01,8.162135e-02,Normal
2.463955e+00,2.068154e+00,1.320412e+00,4.177843e-17,-1.547349e-17,4.642047e-18,4.831111e+02,7.221250e+02,5.785422e+01,4.776262e+01,5.524123e-04,1.822126e+01,1.555635e+01,6,2.592725e+00,3.856946e-01,7,4.600621e+01,4.644178e+01,3.099309e+01,2.597893e+01,4.807633e+01,2.496397e+01,1.666667e-01,5.022125e-02,3.562467e-03,Normal
2.362161e+00,2.025516e+00,1.405501e+00,3.261995e-17,3.548135e-17,6.574960e-17,6.156667e+02,1.062222e+03,1.664332e+01,2.112332e+01,1.061137e-04,5.135118e+00,1.063597e+01,16,6.647480e-01,1.504329e+00,7,1.246638e+01,1.560220e+01,1.112697e+01,2.038732e+01,1.710420e+01,1.636925e+01,4.210526e-01,4.586064e-02,2.544877e-03,Normal
3.188533e+00,1.181228e+00,9.653611e-01,-1.300330e-16,3.022696e-17,-1.406789e-17,6.133333e+02,9.165000e+02,2.796903e+01,8.207740e+01,5.422332e-04,1.449770e+01,2.749000e+01,6,4.581666e+00,2.182612e-01,5,2.266495e+01,2.441721e+01,1.905037e+01,6.992281e+01,7.382953e+01,6.322117e+01,3.076923e-01,2.661211e-01,-1.009656e-02,Normal
3.177444e+00,1.234799e+00,9.736763e-01,-5.082566e-18,6.162611e-17,6.988528e-17,5.797143e+02,9.085714e+02,2.485098e+01,8.305391e+01,2.987637e-04,1.495940e+01,1.462392e+01,14,1.044566e+00,9.573358e-01,5,2.422396e+01,2.196740e+01,2.193627e+01,8.054916e+01,3.873199e+01,2.872281e+01,4.000000e-01,2.189695e-01,-9.161717e-04,Normal
2.433561e+00,2.238330e+00,1.250147e+00,1.480297e-17,1.356939e-17,-3.083953e-18,6.345556e+02,1.020400e+03,2.524436e+01,3.910158e+01,1.209056e-04,1.108586e+01,8.366600e-01,6,1.394433e-01,7.171372e+00,10,2.183706e+01,2.386233e+01,2.055654e+01,3.483333e+01,2.935984e+01,2.358230e+01,0,1.259751e-02,3.992330e-04,Normal
3.220130e+00,1.194584e+00,9.760135e-01,-8.029167e-17,7.560157e-18,-1.750036e-17,6.403750e+02,9.955000e+02,1.525907e+01,2.608229e+01,6.614934e-05,1.068645e+01,6.363961e+00,3,2.121320e+00,4.714045e-01,9,1.179588e+01,1.433776e+01,1.074554e+01,2.193714e+01,2.293054e+01,1.851486e+01,0,8.086944e-02,4.466580e-03,Normal
3.145909e+00,1.383070e+00,9.438796e-01,6.580136e-17,-4.452092e-17,-2.254047e-17,6.948333e+02,1.350667e+03,3.568426e+01,3.247563e+01,9.265883e-05,8.171989e+00,0,2,0,2,6,3.441947e+01,2.784421e+01,2.726414e+01,2.824004e+01,3.036939e+01,2.714160e+01,0,1.371235e-01,1.481779e-02,Normal
3.202463e+00,1.214650e+00,9.758160e-01,1.904039e-17,-3.052063e-17,-4.858101e-17,6.277143e+02,1010,2.041008e+01,2.691256e+01,9.259305e-05,1.005783e+01,0,2,0,2,3,1.825833e+01,1.731377e+01,1.522170e+01,2.387368e+01,2.219931e+01,1.882994e+01,0,1.223530e-01,3.461317e-03,Normal
3.223469e+00,1.186681e+00,9.697893e-01,2.324048e-17,7.908414e-17,-6.160128e-17,5.713000e+02,7.618182e+02,2.601303e+01,2.458788e+01,7.768149e-05,1.382952e+01,1.385641e+01,4,3.464102e+00,2.886751e-01,6,2.264398e+01,2.396235e+01,2.052873e+01,1.919375e+01,2.450034e+01,1.905912e+01,0,1.312911e-01,-2.971817e-04,Normal
3.167305e+00,1.247051e+00,9.690760e-01,7.326472e-17,7.351477e-17,-7.814070e-18,5.978571e+02,1.141429e+03,2.276275e+01,2.777803e+01,1.616105e-04,1.403785e+01,2.850623e+00,36,7.918397e-02,1.262882e+01,10,1.923192e+01,1.680179e+01,1.192476e+01,2.411155e+01,2.286263e+01,1.886001e+01,6.666667e-01,1.545918e-01,8.584768e-03,Murmur
2.891144e+00,1.653447e+00,1.043615e+00,5.401085e-17,3.175638e-17,-2.131678e-17,5.857778e+02,1260,1.968361e+01,3.750000e+01,7.712319e-05,1.066876e+01,6.019629e+00,23,2.617230e-01,3.820834e+00,10,1.875976e+01,1.866815e+01,1.801587e+01,3.724413e+01,3.293907e+01,3.310301e+01,0,1.403295e-01,-6.584541e-03,Murmur
3.274575e+00,1.070489e+00,7.770698e-01,-1.010203e-16,6.376281e-18,-7.345226e-19,1.293600e+03,1.485500e+03,4.038487e+02,4.704758e+02,1.820332e-04,1.740693e+01,4.691837e+01,4,1.172959e+01,8.525446e-02,9,3.549144e+02,2.759154e+02,2.112850e+02,4.729041e+02,4.023950e+02,4.233100e+02,5.833333e-01,1.960789e-01,7.145617e-03,Murmur
3.320551e+00,1.149524e+00,5.947447e-01,1.106075e-17,-1.707504e-17,2.419540e-19,7.636250e+02,8.721250e+02,1.854623e+02,2.875087e+02,3.163746e-05,1.303862e+01,4.149480e+00,12,3.457900e-01,2.891929e+00,4,1.222441e+02,1.609160e+02,8.057212e+01,2.874757e+02,1.743158e+02,1.687524e+02,2.352941e-01,2.785727e-01,-1.204892e-02,Murmur
2.486094e+00,2.176801e+00,1.127209e+00,4.173526e-17,7.499304e-18,9.944729e-17,6.841429e+02,8.483750e+02,3.066526e+02,2.709459e+02,6.151295e-04,1.536323e+01,1.533305e+01,14,1.095218e+00,9.130601e-01,7,3.074589e+02,8.487874e+01,2.320129e+01,2.700578e+02,2.523420e+02,2.571688e+02,3.125000e-01,4.121470e-02,5.737191e-03,Murmur
2.479399e+00,2.167021e+00,1.193750e+00,9.868649e-19,-2.368476e-16,9.868649e-18,9.533333e+02,1.400833e+03,6.015007e+02,3.578432e+02,3.007664e-04,1.108586e+01,5.436210e+00,16,3.397631e-01,2.943227e+00,10,6.334416e+02,4.360886e+02,4.820743e+02,3.822166e+02,4.800729e+01,3.137409e+01,5.384615e-01,5.780594e-02,6.534629e-03,Murmur
3.350760e+00,1.016057e+00,5.867992e-01,-9.533115e-17,-3.552714e-17,3.759955e-17,557,6.469000e+02,1.245652e+02,2.350283e+02,5.297979e-05,2.659044e+01,1.997498e+01,4,4.993746e+00,2.002505e-01,3,1.100596e+02,1.097855e+02,9.470908e+01,2.423304e+02,6.168558e+01,5.648514e+01,0,8.421187e-01,5.657729e-02,Murmur
2.350021e+00,2.312242e+00,1.165567e+00,1.756836e-16,-2.928061e-17,1.220025e-16,297,3.025000e+02,0,4.949747e+00,1.249904e-03,2.131060e+01,1.800926e+01,4,4.502314e+00,2.221080e-01,2,0,0,0,4.949747e+00,4.949747e+00,4.949747e+00,0,1.563125e-01,9.718253e-02,Murmur
2.370327e+00,2.120855e+00,1.313123e+00,6.149402e-17,1.270589e-16,2.146431e-17,6.481818e+02,7.414167e+02,2.613912e+02,2.149611e+02,7.869336e-04,1.552020e+01,9.611783e+00,13,7.393679e-01,1.352507e+00,10,2.689527e+02,1.980848e+02,2.055736e+02,2.157180e+02,1.696440e+02,1.701268e+02,1.666667e-01,2.166912e-02,1.517388e-03,Murmur
2.307857e+00,2.135798e+00,1.396937e+00,-5.199121e-17,-1.015589e-17,9.786581e-17,5.657500e+02,9.758000e+02,3.141523e+01,6.602045e+01,7.060089e-04,1.343530e+01,7.071068e-01,3,2.357023e-01,4.242641e+00,7,2.685144e+01,3.139002e+01,3.252691e+01,4.273465e+01,6.739436e+01,4.592385e+01,3.000000e-01,3.553427e-02,4.280089e-03,Murmur
2.488543e+00,2.046452e+00,1.302450e+00,-4.526580e-17,1.497683e-16,-2.738302e-17,4.832500e+02,7.274444e+02,6.208232e+01,4.744236e+01,5.654691e-04,1.839311e+01,1.392839e+01,7,1.989770e+00,5.025707e-01,7,4.925928e+01,5.024511e+01,3.393327e+01,2.677652e+01,4.776262e+01,2.597893e+01,2.222222e-01,4.307216e-02,5.382856e-03,Murmur
2.767377e+00,1.789103e+00,1.305369e+00,5.376111e-17,4.872101e-17,3.864080e-17,6.838571e+02,1.365143e+03,3.344363e+01,4.756199e+01,8.845543e-05,9.429218e+00,5.773503e-01,4,1.443376e-01,6.928203e+00,4,2.186321e+01,3.194161e+01,1.946279e+01,3.444996e+01,4.198928e+01,2.946608e+01,0,1.012586e-01,-6.163762e-04,Murmur
2.545050e+00,2.142557e+00,1.245120e+00,-1.086423e-16,-3.052063e-17,6.720139e-17,1.841667e+03,2523,3.572147e+02,1.294903e+03,1.919804e-04,1.508675e+01,7.071068e-01,3,2.357023e-01,4.242641e+00,7,3.973940e+02,7.141778e+01,3.572147e+02,1.522401e+03,1.202082e+02,1.294903e+03,4.285714e-01,1.262009e-01,1.589206e-02,Murmur
2.994320e+00,1.503394e+00,1.197124e+00,-1.456030e-17,5.880122e-18,1.680035e-18,6.368750e+02,1.006500e+03,2.888122e+01,3.879249e+01,7.968743e-05,1.068645e+01,5.773503e-01,4,1.443376e-01,6.928203e+00,5,2.355035e+01,2.487780e+01,1.886531e+01,3.449500e+01,3.288363e+01,2.835254e+01,0,1.966198e-01,7.012908e-04,Murmur
3.007689e+00,1.417956e+00,1.232458e+00,9.744202e-17,5.180107e-18,-9.170190e-18,6.202500e+02,1.019375e+03,2.769605e+01,3.893562e+01,9.592296e-05,1.131506e+01,3.292307e+00,9,3.658119e-01,2.733645e+00,6,2.802856e+01,1.298534e+01,1.035374e+01,3.048731e+01,3.337664e+01,2.349184e+01,5.882353e-02,1.644278e-01,-2.259578e-02,Murmur
2.849579e+00,1.734250e+00,1.222745e+00,-8.512177e-17,4.970103e-18,4.046084e-17,7.043333e+02,1.352500e+03,2.970297e+01,3.498428e+01,1.040822e-04,8.800603e+00,7.071068e-01,3,2.357023e-01,4.242641e+00,7,2.698703e+01,2.557929e+01,2.355844e+01,8.988882e+00,3.586363e+01,4.349329e+00,7.692308e-02,2.847586e-01,5.317929e-02,Murmur
2.788935e+00,1.825959e+00,1.251301e+00,1.344028e-17,-9.912206e-17,3.626075e-17,5.553333e+02,5.631667e+02,3.252332e+02,3.235302e+02,9.388167e-05,1.634398e+01,5.000000e-01,5,1.000000e-01,10,6,3.292141e+02,3.056211e+02,3.120791e+02,3.251137e+02,3.015879e+02,3.055142e+02,4.000000e-02,2.268202e-01,-9.934140e-03,Murmur
2.627085e+00,2.035685e+00,1.297710e+00,-4.032084e-17,1.456030e-17,-2.030042e-17,645,6.885556e+02,4.928146e+02,5.318043e+02,1.119179e-04,1.257229e+01,7.071068e-01,3,2.357023e-01,4.242641e+00,6,5.064593e+02,4.393202e+02,4.577064e+02,5.444189e+02,4.887453e+02,5.093351e+02,0,1.223002e-01,-6.827019e-03,Murmur
2.519065e+00,2.122554e+00,1.349610e+00,-5.173107e-17,-5.012104e-17,5.656117e-17,5.276154e+02,5.655714e+02,3.402838e+02,3.654135e+02,1.835158e-04,1.760121e+01,7.071068e-01,3,2.357023e-01,4.242641e+00,5,3.460978e+02,3.121764e+02,3.198021e+02,3.683211e+02,3.490261e+02,3.539703e+02,0,1.242597e-01,-6.220899e-03,Murmur
3.020274e+00,1.513832e+00,1.121541e+00,-2.296048e-17,6.160128e-18,-7.280151e-18,6.217500e+02,1.019625e+03,4.095206e+01,1.994949e+01,7.794573e-05,1.068645e+01,0,7,0,7,6,3.572914e+01,3.679544e+01,3.163332e+01,1.445024e+01,1.698739e+01,1.015218e+01,0,1.247469e-01,-9.708780e-03,Murmur
2.897255e+00,1.693444e+00,1.153330e+00,1.366428e-16,2.576053e-17,-3.808079e-17,6.905000e+02,1.366667e+03,4.639289e+01,2.736177e+01,8.032185e-05,8.171989e+00,0,5,0,5,3,4.121286e+01,4.548956e+01,4.222558e+01,2.207487e+01,1.930026e+01,1.103026e+01,0,2.074163e-01,-3.335010e-02,Murmur
2.839581e+00,1.838095e+00,1.117981e+00,3.864080e-17,2.940061e-18,-2.777308e-17,6.298750e+02,1021,4.097887e+01,3.388215e+01,9.349701e-05,1.131506e+01,3.403430e+00,5,6.806859e-01,1.469106e+00,7,3.854002e+01,2.973454e+01,2.652295e+01,3.227754e+01,2.777332e+01,2.613336e+01,0,1.353851e-01,-2.010052e-04,Murmur
2.835006e+00,1.848442e+00,1.129953e+00,-4.760099e-18,5.124106e-17,1.484031e-17,5.992727e+02,7.326364e+02,3.126369e+01,3.586997e+01,1.049441e-04,1.445813e+01,0,3,0,3,7,2.718742e+01,2.631941e+01,2.155484e+01,3.082369e+01,2.871391e+01,2.232027e+01,0,1.184718e-01,-6.643339e-03,Murmur
2.898134e+00,1.552099e+00,1.362575e+00,-9.856204e-17,-2.625054e-18,7.224150e-17,5.908889e+02,1.030375e+03,7.428904e+01,3.615418e+01,7.045633e-05,1.194368e+01,5.773503e-01,4,1.443376e-01,6.928203e+00,7,3.412058e+01,7.281091e+01,2.729120e+01,2.466248e+01,3.219953e+01,1.852296e+01,5.555556e-02,9.032071e-02,-1.182348e-02,Murmur
2.907908e+00,1.609791e+00,1.288611e+00,-1.332828e-16,8.708181e-17,-9.492197e-17,5.865455e+02,7.108182e+02,5.704085e+02,5.692421e+02,8.200081e-05,1.445813e+01,7.071068e-01,3,2.357023e-01,4.242641e+00,6,5.855558e+02,5.116211e+02,5.309981e+02,5.746616e+02,5.435166e+02,5.547144e+02,0,1.600517e-01,3.516839e-03,Murmur
3.108949e+00,1.284600e+00,1.120697e+00,-1.209625e-16,1.400029e-17,6.860142e-17,6.665000e+02,1.385333e+03,4.325621e+01,4.594635e+01,1.169365e-04,8.171989e+00,9.574271e-01,5,1.914854e-01,5.222330e+00,4,3.967115e+01,3.243147e+01,2.862837e+01,4.147650e+01,4.007867e+01,3.673781e+01,0,1.026045e+00,-1.970829e-01,Murmur
3.124835e+00,1.307755e+00,1.102328e+00,5.488114e-17,1.750036e-17,2.520052e-18,6.368750e+02,9.965000e+02,2.859289e+01,2.356147e+01,7.220621e-05,1.068645e+01,1.655295e+01,5,3.310589e+00,3.020610e-01,8,2.489597e+01,2.040191e+01,1.500667e+01,2.169046e+01,1.830951e+01,1.611728e+01,0,1.237485e-01,-1.395074e-02,Murmur
2.945364e+00,1.593250e+00,1.218711e+00,1.061222e-16,1.891789e-17,5.467113e-17,6.363333e+02,1.006750e+03,2.994161e+01,2.177646e+01,8.433081e-05,1.131506e+01,7.071068e-01,3,2.357023e-01,4.242641e+00,8,2.870416e+01,2.705550e+01,2.612607e+01,1.720465e+01,2.078003e+01,1.618229e+01,0,1.077155e-01,-3.317830e-03,Murmur
3.154450e+00,1.297721e+00,1.022083e+00,3.920081e-17,-2.016042e-17,2.240046e-18,8.044286e+02,1.241833e+03,4.508458e+01,4.526993e+01,6.693086e-05,1.257229e+01,3.959798e+01,3,1.319933e+01,7.576144e-02,7,3.873500e+01,3.160169e+01,2.209751e+01,3.376833e+01,4.285440e+01,3.159509e+01,4.285714e-01,8.395395e-02,-1.253221e-02,Murmur
3.160457e+00,1.263185e+00,1.038918e+00,1.394779e-16,-7.770161e-18,2.660055e-18,9.311667e+02,1.132833e+03,3.363406e+02,3.949802e+02,7.775119e-05,1.822982e+01,0,2,0,2,5,3.508259e+02,9.593644e+01,8.257522e+01,4.014679e+02,3.392393e+02,3.618032e+02,2.307692e-01,2.515987e-01,4.642738e-02,Murmur
3.172606e+00,1.320154e+00,9.212430e-01,-6.720139e-18,-5.824121e-17,-5.124106e-17,5.974545e+02,7.397000e+02,6.344819e+01,7.074532e+01,8.042766e-05,1.885844e+01,0,2,0,2,4,5.625695e+01,4.855936e+01,3.899038e+01,6.790025e+01,4.683956e+01,4.194469e+01,3.636364e-01,3.243453e-01,-6.279756e-02,Murmur
3.178951e+00,1.267051e+00,9.614605e-01,7.616158e-17,5.593116e-17,1.953041e-17,1261,1.397800e+03,2.067958e+02,2.323299e+02,6.117698e-05,2.137289e+01,7.234178e+00,4,1.808545e+00,5.529308e-01,7,2.434475e+01,2.242742e+02,8.504901e+00,2.499887e+02,4.691482e+01,4.163332e+01,9.090909e-02,9.520720e-02,4.516707e-03,Murmur
3.229901e+00,1.128057e+00,9.501495e-01,1.178824e-16,4.934227e-17,-4.977103e-17,7.756667e+02,1.277333e+03,1.227464e+01,1.433411e+01,4.794300e-05,8.171989e+00,0,6,0,6,6,1.070981e+01,1.161895e+01,1.046821e+01,1.329662e+01,1.186592e+01,1.112055e+01,0,2.646930e-01,-5.116048e-02,Murmur
3.159575e+00,1.267643e+00,1.045430e+00,2.223246e-16,-4.914102e-17,-1.316027e-17,7.774444e+02,8.661250e+02,4.717815e+01,6.165906e+01,5.650954e-05,1.697259e+01,5,5,1,1,6,4.257577e+01,3.621760e+01,3.036916e+01,4.469793e+01,5.803119e+01,3.991366e+01,5.000000e-01,8.622107e-02,6.020096e-03,Murmur
2.428968e+00,1.938474e+00,1.404978e+00,-1.075216e-17,3.650733e-17,-1.437789e-18,5.945000e+02,1.759333e+03,2.177843e+01,5.205638e+01,6.089184e-04,9.545735e+00,7.688861e+00,24,3.203692e-01,3.121399e+00,12,1.868689e+01,1.913113e+01,1.635797e+01,3.234965e+01,5.115858e+01,3.068523e+01,3.076923e-01,6.161916e-02,1.932357e-03,ExtraHS
2.359275e+00,2.252185e+00,1.220174e+00,-3.811766e-17,-1.332268e-17,-5.748488e-17,7.806667e+02,1.687500e+03,3.679493e+01,6.212809e+01,3.100473e-04,7.205809e+00,1.292156e+01,7,1.845937e+00,5.417303e-01,15,2.348404e+01,3.053359e+01,1.156143e+01,5.455456e+01,5.947941e+01,5.417487e+01,0,3.275590e-02,-6.461489e-03,ExtraHS
2.355417e+00,1.908614e+00,1.508967e+00,5.300207e-17,1.173902e-16,1.661182e-18,9.476667e+02,1.237600e+03,4.377573e+02,3.495752e+02,9.117289e-05,7.458512e+00,1.069935e+01,8,1.337419e+00,7.477086e-01,5,3.277244e+02,3.267090e+02,1.581505e+02,3.604109e+02,2.717499e+02,3.039759e+02,0,6.407831e-02,8.929116e-03,ExtraHS
2.508031e+00,2.119453e+00,1.164071e+00,-7.823826e-17,2.407331e-17,2.597383e-17,6.415000e+02,1.076857e+03,1.908662e+02,2.998285e+02,4.914329e-04,1.137414e+01,7.173947e+00,30,2.391316e-01,4.181798e+00,6,1.956612e+02,5.487896e+01,3.654563e+01,3.109667e+02,2.457362e+02,2.632315e+02,1.428571e-01,3.131216e-02,-3.844490e-03,ExtraHS
2.507149e+00,1.984508e+00,1.270789e+00,-4.884260e-17,-1.573417e-16,2.069052e-16,1643,2.115500e+03,2.644579e+02,8.138799e+02,2.013184e-04,1.294184e+01,3.654594e+00,13,2.811227e-01,3.557166e+00,6,2.644579e+02,2.644579e+02,2.644579e+02,8.138799e+02,8.138799e+02,8.138799e+02,2.000000e-01,1.862794e-02,4.225198e-03,ExtraHS
2.404550e+00,2.276345e+00,1.141658e+00,1.500857e-16,1.091532e-16,-7.074401e-17,4.517273e+02,4.922727e+02,8.688739e+01,1.306898e+02,1.408350e-03,2.093978e+01,3.686914e+01,5,7.373828e+00,1.356148e-01,10,7.610964e+01,8.355703e+01,7.296061e+01,1.318392e+02,8.381196e+01,8.334083e+01,8.695652e-02,9.602424e-02,-1.125565e-02,ExtraHS
2.388108e+00,2.157825e+00,1.310375e+00,-1.776357e-17,4.786295e-17,-6.167906e-20,5.264545e+02,8.425455e+02,2.862643e+01,9.382682e+01,1.485329e-04,1.385732e+01,9.837653e+00,18,5.465363e-01,1.829705e+00,10,2.473055e+01,2.494973e+01,2.059193e+01,6.015905e+01,9.205168e+01,5.621610e+01,8.695652e-02,1.926521e-02,1.711281e-03,ExtraHS
2.318733e+00,2.109242e+00,1.406617e+00,-9.473903e-17,2.109424e-17,-1.253318e-16,628,1.173111e+03,1.856132e+02,2.682524e+02,6.525921e-04,1.385732e+01,0,2,0,2,14,1.884485e+02,1.146423e+02,1.151229e+02,2.705617e+02,2.242466e+02,2.289139e+02,3.157895e-01,3.800987e-02,6.731051e-04,ExtraHS
2.375679e+00,1.935217e+00,1.516848e+00,3.770046e-17,7.983626e-17,4.102697e-17,5.627500e+02,1.030375e+03,5.675448e+01,2.851535e+01,1.692803e-04,1.120448e+01,3.193068e+00,40,7.982669e-02,1.252714e+01,5,3.713809e+01,5.090795e+01,2.738369e+01,2.612607e+01,2.312080e+01,2.052722e+01,5.882353e-02,2.038608e-02,-1.568466e-04,ExtraHS
2.272384e+00,1.963577e+00,1.524805e+00,-1.683697e-16,4.921671e-17,-6.779988e-18,6.108571e+02,1.167714e+03,5.033034e+01,4.598447e+01,3.247489e-04,1.015035e+01,1.384076e+01,11,1.258251e+00,7.947540e-01,5,3.632859e+01,5.084388e+01,3.718467e+01,3.189619e+01,4.413011e+01,2.940578e+01,6.666667e-02,7.076697e-02,-8.331118e-03,ExtraHS
2.437247e+00,2.082925e+00,1.268854e+00,-3.898116e-17,7.006741e-17,7.555684e-17,940,9.765000e+02,2.869103e+02,2.858851e+02,5.734525e-04,1.108586e+01,5.752391e+00,26,2.212458e-01,4.519860e+00,11,2.935243e+02,2.219743e+02,2.298896e+02,2.799645e+02,2.467108e+02,2.446513e+02,1.111111e-01,3.201703e-01,-5.156988e-02,ExtraHS
2.364995e+00,2.205987e+00,1.280989e+00,2.997602e-17,4.539579e-17,-4.058482e-17,1.947667e+03,2.416500e+03,1.169886e+02,8.578693e+02,4.282992e-04,6.651516e+00,1.161593e+01,20,5.807965e-01,1.721773e+00,12,6.929646e+01,9.545942e+01,1.169886e+02,9.804618e+02,4.728636e+01,5.232590e+01,5.000000e-01,2.005575e-02,1.570160e-03,ExtraHS
2.377379e+00,2.208968e+00,1.295029e+00,1.032634e-16,1.224490e-16,3.385686e-17,8.031250e+02,8.662222e+02,2.600222e+02,3.459775e+02,1.259388e-04,5.697284e+00,2,4,5.000000e-01,2,8,1.845326e+02,2.557645e+02,1.784563e+02,3.525201e+02,2.410405e+02,2.465370e+02,5.000000e-01,1.303015e-02,5.090661e-04,ExtraHS
2.451334e+00,1.886818e+00,1.446129e+00,9.079157e-17,-3.256654e-17,7.432326e-17,1.563200e+03,1.819400e+03,1.108206e+02,5.721519e+02,4.518333e-05,7.760102e+00,3.045215e+01,5,6.090430e+00,1.641920e-01,11,1.012637e+02,9.322509e+01,8.922630e+01,6.333216e+02,2.764507e+01,1.715615e+01,2.727273e-01,4.874530e-02,-6.845941e-03,ExtraHS
2.353839e+00,2.187419e+00,1.281504e+00,9.375217e-18,1.460560e-16,3.154884e-17,1.751250e+03,2.096250e+03,3.127719e+02,3.516327e+02,5.778497e-04,8.868688e+00,6.471259e+00,20,3.235629e-01,3.090589e+00,11,1.388560e+02,3.316640e+02,1.633417e+02,3.890274e+02,6.842027e+01,7.212489e+01,7.777778e-01,1.477921e-02,8.545834e-05,ExtraHS
2.350023e+00,2.312418e+00,1.165455e+00,-4.880101e-17,6.344132e-17,-1.085823e-16,297,3.025000e+02,0,4.949747e+00,1.249734e-03,2.131060e+01,1.800926e+01,4,4.502314e+00,2.221080e-01,2,0,0,0,4.949747e+00,4.949747e+00,4.949747e+00,0,1.562810e-01,9.716428e-02,ExtraHS
2.589048e+00,1.929246e+00,1.250543e+00,-1.041194e-16,-2.646127e-17,-3.336422e-17,665,7.185000e+02,5.091169e+01,1.343503e+01,2.919276e-04,1.280738e+01,3.736713e+00,36,1.037976e-01,9.634135e+00,4,5.091169e+01,5.091169e+01,5.091169e+01,1.343503e+01,1.343503e+01,1.343503e+01,0,2.543724e-02,-2.195866e-03,ExtraHS
2.403518e+00,2.252659e+00,1.209162e+00,1.406742e-16,-8.274954e-17,-3.603053e-17,4.646667e+02,8.273333e+02,7.803418e+01,2.202756e+02,6.185088e-04,1.387604e+01,6.390562e+00,9,7.100625e-01,1.408327e+00,5,5.798276e+01,5.232590e+01,7.803418e+01,1.838478e+02,1.258650e+02,2.202756e+02,2.857143e-01,1.883472e-02,-1.217579e-03,ExtraHS
2.493807e+00,2.140094e+00,1.241740e+00,-9.868649e-17,-3.563679e-17,-7.812681e-17,401,411,1.499066e+02,1.357645e+02,5.532210e-04,1.516070e+01,1.467536e+01,27,5.435318e-01,1.839819e+00,4,1.499066e+02,1.499066e+02,1.499066e+02,1.357645e+02,1.357645e+02,1.357645e+02,0,6.136901e-02,-2.688925e-02,ExtraHS
2.411790e+00,1.908871e+00,1.483382e+00,-9.597261e-17,8.565679e-17,-3.602057e-17,305,4.048500e+03,1.414214e+01,5.254510e+03,2.424918e-05,2.771465e+00,3.030458e-01,51,5.942074e-03,1.682914e+02,13,1.414214e+01,1.414214e+01,1.414214e+01,5.254510e+03,5.254510e+03,5.254510e+03,0,3.541213e-03,-3.206249e-04,ExtraHS
3.148049e+00,1.571711e+00,5.191173e-01,5.551115e-16,3.387414e-16,2.430155e-16,6.126000e+02,9.695000e+02,2.266777e+02,1.245929e+03,4.153274e-04,5.542930e+00,2.357716e+00,18,1.309842e-01,7.634508e+00,8,1.337021e+02,2.175812e+02,1.186269e+02,1.423098e+03,7.720320e+01,8.838835e+01,0,8.676454e-02,-2.464608e-03,ExtraHS
2.377155e+00,1.913177e+00,1.492895e+00,-2.094929e-16,-3.602057e-17,2.861908e-17,5.348000e+02,1.776250e+03,1.344347e+02,3.002788e+03,5.005974e-03,5.542930e+00,9.428459e+00,17,5.546152e-01,1.803052e+00,15,1.038091e+02,1.212308e+02,9.351114e+01,3.419019e+03,1.435305e+02,5.727565e+01,0,1.035681e-01,2.870597e-03,ExtraHS
2.450414e+00,1.845257e+00,1.340008e+00,8.092292e-17,6.442377e-17,8.326673e-17,1.254500e+03,3053,1.413506e+03,3.792921e+03,4.367288e-03,2.771465e+00,9.105859e+00,5,1.821172e+00,5.490970e-01,22,1.413506e+03,1.413506e+03,1.413506e+03,3.792921e+03,3.792921e+03,3.792921e+03,0,5.206758e-02,-1.230415e-03,ExtraHS
2.380688e+00,1.874016e+00,1.524458e+00,-1.506203e-16,-2.763222e-17,-1.286625e-16,5.955000e+02,1.011500e+03,3.372899e+02,3.655742e+02,7.823531e-04,2.771465e+00,1.171004e+01,9,1.301115e+00,7.685713e-01,12,3.372899e+02,3.372899e+02,3.372899e+02,3.655742e+02,3.655742e+02,3.655742e+02,0,3.464757e-02,5.254111e-04,ExtraHS
2.742372e+00,1.999550e+00,9.642601e-01,5.748488e-16,-3.404684e-16,-3.938208e-16,3.461429e+02,4.438750e+02,9.366862e+01,1.174751e+02,1.184568e-05,1.330303e+01,1.505545e+01,5,3.011091e+00,3.321056e-01,11,8.071927e+01,6.288216e+01,4.182942e+01,1.188428e+02,1.022606e+02,1.056171e+02,5.000000e-01,1.902811e-01,9.773707e-03,ExtraHS
3.032039e+00,1.565404e+00,8.170728e-01,-4.741886e-16,-1.285392e-16,-9.399888e-17,508,1.418429e+03,3.741994e+02,2.586465e+03,2.128439e-03,7.760102e+00,5.479325e+01,6,9.132208e+00,1.095025e-01,26,3.968152e+02,8.204389e+01,7.370832e+01,2.778203e+03,2.450606e+02,2.561572e+02,0,1.504849e-01,1.420012e-02,ExtraHS
2.263884e+00,2.104727e+00,1.440712e+00,2.242651e-16,-8.881784e-17,-1.746751e-16,456,6.188000e+02,3.008451e+02,5.178118e+02,7.611236e-04,1.108586e+01,3.179151e+01,6,5.298585e+00,1.887296e-01,6,3.063807e+02,1.606500e+02,1.593966e+02,5.314564e+02,3.905365e+02,4.046228e+02,0,1.506592e-01,-1.851308e-04,Artifact
2.338158e+00,1.892534e+00,1.547770e+00,7.914194e-18,1.036208e-16,-3.392348e-17,4.196000e+02,1.050500e+03,9.437320e+01,1.167296e+03,3.738024e-03,6.651516e+00,8.235180e+00,13,6.334753e-01,1.578593e+00,22,8.604069e+01,6.841722e+01,6.069871e+01,1.227056e+03,5.503615e+02,5.864187e+02,0,4.466502e-02,1.987523e-03,Artifact
2.788823e+00,1.612466e+00,1.240839e+00,-1.371249e-15,1.944124e-16,-3.305997e-16,3.838889e+02,5.087778e+02,1.434269e+02,5.070513e+02,3.482576e-02,2.272601e+01,1.229905e+01,16,7.686907e-01,1.300913e+00,6,1.400686e+02,1.056252e+02,1.004082e+02,5.186278e+02,9.311165e+01,8.928902e+01,1.081081e-01,3.275048e-01,1.941831e-02,Artifact
3.021595e+00,1.648034e+00,8.676798e-01,6.668740e-16,-6.463965e-17,7.367563e-17,447,2334,3.077337e+02,3.653774e+03,2.124796e-03,4.434344e+00,2.089737e+01,6,3.482895e+00,2.871175e-01,8,3.500800e+02,1.921805e+01,1.697056e+01,4.468208e+03,1.343503e+01,3.653774e+03,0,1.872627e-01,1.583210e-02,Artifact
2.915941e+00,1.890538e+00,6.871142e-01,-3.774758e-17,-6.077854e-16,3.363359e-16,8.642500e+02,8.795000e+02,1.031949e+03,3.384450e+02,4.353435e-07,4.434344e+00,4.759552e+01,5,9.519104e+00,1.050519e-01,15,1.113077e+03,1.983087e+02,6.010408e+01,3.103697e+02,1.987561e+02,1.612203e+02,8.888889e-01,2.127188e-02,1.088209e-03,Artifact
2.677987e+00,2.072188e+00,9.092041e-01,6.654553e-16,2.032942e-16,-2.627528e-17,7.695000e+02,1368,4.563935e+02,2.043026e+03,5.820121e-04,5.542930e+00,1.979310e+01,7,2.827585e+00,3.536587e-01,15,4.359293e+02,1.861782e+02,3.252691e+01,2.247643e+03,2.791444e+02,2.991276e+02,0,4.782703e-02,-7.832336e-03,Artifact
2.332416e+00,2.291498e+00,1.190585e+00,9.054486e-17,-1.727014e-18,3.305997e-17,8.191111e+02,8.442000e+02,2.574284e+02,2.340170e+02,8.044575e-04,1.164015e+01,1.018198e+01,12,8.484984e-01,1.178553e+00,17,2.653421e+02,6.689104e+01,5.794825e+01,2.342541e+02,1.079017e+02,9.755255e+01,5.000000e-02,1.658028e-01,-2.533328e-02,Artifact
2.891542e+00,1.664816e+00,1.022816e+00,-2.348738e-16,1.268121e-16,1.601188e-16,1.361750e+03,1.749500e+03,1.996537e+03,2.268025e+03,4.484430e-04,4.988637e+00,5.094815e+00,22,2.315825e-01,4.318115e+00,13,2.277936e+03,7.880990e+01,7.071068e-01,2.534770e+03,2.972743e+02,2.687006e+02,0,1.577888e-02,8.119649e-04,Artifact
2.834601e+00,1.717306e+00,1.123396e+00,3.099989e-16,1.134895e-17,-1.183004e-16,7.123000e+02,8.358000e+02,9.322740e+02,1.284812e+03,3.262079e-04,1.164015e+01,1.414435e+01,17,8.320203e-01,1.201894e+00,14,9.677961e+02,2.697003e+02,2.687180e+02,1.345329e+03,2.566582e+02,2.643027e+02,0,1.747631e-02,4.458468e-04,Artifact
3.205765e+00,1.228897e+00,8.666333e-01,1.707276e-16,-1.266271e-16,-2.071877e-16,3.935714e+02,4.051429e+02,1.302375e+02,1.403763e+02,2.070867e-02,1.773738e+01,6.641972e+00,21,3.162844e-01,3.161712e+00,12,1.298419e+02,7.245786e+01,6.518505e+01,1.399467e+02,1.097767e+02,1.087900e+02,1.034483e-01,3.218040e-01,-1.948063e-02,Artifact
2.919971e+00,1.677448e+00,9.830470e-01,1.125026e-16,-1.058413e-16,1.305746e-16,1447,1.557333e+03,8.617970e+02,9.840644e+02,3.250697e-02,2.217172e+01,9.784341e+00,11,8.894856e-01,1.124245e+00,10,6.878786e+02,6.898973e+02,4.977228e+02,1.058587e+03,1.987478e+02,2.074020e+02,3.333333e-01,5.441257e-01,1.556062e-03,Artifact
3.206678e+00,1.252464e+00,8.214751e-01,5.403085e-17,-2.549195e-16,-4.209596e-17,3.695882e+02,4.038333e+02,1.036497e+02,1.230682e+02,1.124846e-04,2.106313e+01,9.690201e+00,7,1.384314e+00,7.223792e-01,9,1.000966e+02,9.090414e+01,8.706194e+01,1.234904e+02,9.491579e+01,9.481137e+01,5.555556e-02,4.743650e-01,2.012681e-02,Artifact
2.400562e+00,1.873877e+00,1.311142e+00,5.193377e-17,-2.220446e-17,4.972488e-17,2.450500e+03,4043,6.371032e+02,6.335677e+02,3.258224e-02,2.438889e+01,1.528598e+00,62,2.465481e-02,4.056004e+01,20,6.371032e+02,6.371032e+02,6.371032e+02,6.335677e+02,6.335677e+02,6.335677e+02,8.000000e-01,4.819231e-01,-1.081812e-01,Artifact
3.027798e+00,1.378561e+00,1.068638e+00,-3.799430e-16,5.945861e-17,-2.680186e-16,3.188000e+02,3.281579e+02,9.015519e+01,9.317741e+01,2.402386e-02,2.272601e+01,1.276928e+01,12,1.064107e+00,9.397553e-01,7,8.384258e+01,6.950089e+01,6.105114e+01,8.858960e+01,8.325455e+01,7.829756e+01,2.500000e-02,2.947286e-01,-1.273665e-02,Artifact
2.617620e+00,1.754902e+00,1.298892e+00,1.211377e-15,-1.379144e-16,-3.080869e-16,3.192143e+02,6.763333e+02,9.864558e+01,9.334666e+02,4.073952e-02,1.940025e+01,5.665225e+00,19,2.981697e-01,3.353795e+00,23,9.286156e+01,6.833937e+01,5.931190e+01,9.611226e+02,1.516669e+02,1.480031e+02,1.666667e-01,1.271076e-01,-3.218650e-03,Artifact
3.089086e+00,1.312348e+00,9.954906e-01,-6.834040e-17,2.173570e-16,-1.748910e-16,4.003529e+02,6.131250e+02,1.150777e+02,7.204075e+02,2.140903e-02,2.383460e+01,5.881367e+00,22,2.673349e-01,3.740627e+00,16,1.155612e+02,7.222670e+01,7.123669e+01,7.361358e+02,1.478768e+02,1.349343e+02,2.647059e-01,6.122365e-01,4.113661e-02,Artifact
2.915094e+00,1.724760e+00,9.799451e-01,-1.134895e-16,-1.107756e-16,3.559190e-16,5.184000e+02,703,5.833458e+02,5.945570e+02,2.693806e-04,6.651516e+00,1.272792e+01,3,4.242641e+00,2.357023e-01,13,6.257097e+02,8.788771e+01,2.657693e+01,6.232554e+02,2.107895e+02,2.095589e+02,0,2.647050e-02,2.737913e-04,Artifact
2.696806e+00,1.257112e+00,1.208004e+00,1.381611e-16,3.355341e-17,-3.503370e-16,4.218889e+02,5.404444e+02,1.199442e+02,2.124236e+02,3.190385e-03,3.325758e+00,5.049872e-01,88,5.738490e-03,1.742619e+02,17,1.188774e+02,9.303446e+01,9.204683e+01,2.020776e+02,1.852743e+02,1.761731e+02,3.157895e-01,1.994524e-01,-3.689637e-02,Artifact
2.450190e+00,1.792978e+00,1.445368e+00,-2.666386e-16,1.437122e-17,-8.716407e-17,2.936552e+02,2.984483e+02,6.827532e+01,6.710045e+01,1.576801e-02,3.270329e+01,3.959798e+01,3,1.319933e+01,7.576144e-02,24,6.631601e+01,6.512345e+01,6.314635e+01,6.237668e+01,6.405052e+01,5.915646e+01,0,3.679484e-01,5.852814e-02,Artifact
2.552625e+00,1.867631e+00,1.386669e+00,-1.418618e-17,4.046146e-17,2.210577e-16,267,270,0,0,5.434432e-06,1.662879e+00,-1,0,-1,0,8,0,0,0,0,0,0,0,1.211621e-01,7.860880e-03,Artifact
2.492756e+00,1.684322e+00,1.267879e+00,-5.329071e-17,-2.416585e-16,-5.526444e-17,5.142500e+02,5.756000e+02,2.048217e+02,1.674778e+02,3.043603e-02,3.880051e+00,4.197621e-01,90,4.664023e-03,2.144072e+02,5,1.983499e+02,1.702467e+02,1.625950e+02,1.599773e+02,1.614195e+02,1.544715e+02,2.187500e-01,2.138349e-01,2.901646e-02,Artifact
2.285715e+00,1.455244e+00,1.231724e+00,1.129960e-16,1.171902e-16,-8.881784e-17,2935,3.070500e+03,2.121320e+02,1.518158e+03,3.041868e-02,2.328031e+01,4.286927e-01,89,4.816772e-03,2.076079e+02,19,2.121320e+02,2.121320e+02,2.121320e+02,1.518158e+03,1.518158e+03,1.518158e+03,4.000000e-01,3.587952e-01,-5.613214e-02,Artifact
2.389378e+00,1.927759e+00,1.367852e+00,1.282924e-17,-2.713879e-17,1.488932e-16,557,742,3.687339e+02,7.230731e+02,4.518808e-03,4.988637e+00,8.418974e-01,15,5.612649e-02,1.781690e+01,11,3.809738e+02,1.538842e+02,1.562706e+02,7.988967e+02,1.633442e+02,1.852620e+02,0,6.063813e-02,-7.864618e-03,Artifact
2.278046e+00,1.947746e+00,1.334434e+00,-2.713879e-18,4.687608e-18,-6.143234e-17,4.261579e+02,4.758333e+02,2.482271e+02,2.752097e+02,1.605302e-02,2.106313e+01,5.123475e-01,17,3.013809e-02,3.318060e+01,21,2.494078e+02,1.618968e+02,1.605394e+02,2.767162e+02,2.047717e+02,2.048208e+02,0,1.534733e-01,-2.623822e-02,Artifact
2.358191e+00,2.119348e+00,1.317289e+00,-1.005369e-16,1.073216e-16,1.664101e-16,6.426667e+02,811,5.374900e+02,7.737021e+02,1.568460e-03,1.274874e+01,2.060558e+01,14,1.471827e+00,6.794278e-01,16,5.509226e+02,2.421092e+02,2.431685e+02,7.956682e+02,4.940693e+02,5.097262e+02,9.583333e-01,9.062409e-02,1.404919e-03,Artifact
2.390897e+00,1.885084e+00,1.484550e+00,9.523246e-17,-9.473903e-17,-1.506203e-16,5.252667e+02,572,3.272829e+02,3.777927e+02,1.336618e-02,1.829167e+01,1.070047e+01,10,1.070047e+00,9.345386e-01,18,3.292560e+02,1.230127e+02,1.112596e+02,3.782167e+02,2.959572e+02,2.949513e+02,3.125000e-02,3.815399e-01,-8.014523e-03,Artifact
2.360320e+00,1.968534e+00,1.315337e+00,1.329800e-16,-2.881646e-16,2.269789e-17,4.208333e+02,4.974444e+02,1.153288e+02,2.172901e+02,7.196104e-03,2.605177e+01,4.803845e-01,14,3.431318e-02,2.914332e+01,11,1.139381e+02,1.067731e+02,1.055581e+02,2.187819e+02,1.305207e+02,1.291732e+02,2.702703e-01,1.176344e-01,4.963439e-03,Artifact
2.331853e+00,1.925779e+00,1.488653e+00,-2.590520e-16,-6.044548e-18,-1.233581e-17,4.212941e+02,5.032222e+02,1.467267e+02,1.936077e+02,1.140561e-02,2.605177e+01,6.292303e+00,23,2.735784e-01,3.655260e+00,18,1.469340e+02,1.365752e+02,1.371714e+02,1.933430e+02,1.549738e+02,1.540297e+02,3.055556e-01,1.880545e-01,-9.344704e-04,Artifact
2.441869e+00,2.066320e+00,1.287758e+00,8.388352e-17,-6.424491e-16,1.158949e-16,3.426667e+02,4.057500e+02,5.419717e+01,1.271151e+02,9.872630e-06,4.434344e+00,11,4,2.750000e+00,3.636364e-01,23,3.252691e+01,4.384062e+01,5.419717e+01,1.013361e+02,7.766810e+01,2.121320e+00,0,1.982311e-01,1.133084e-02,Artifact
2.703897e+00,1.862349e+00,1.118412e+00,-1.579231e-15,2.960595e-18,-7.154771e-18,3.462143e+02,4.244286e+02,1.319500e+02,2.957636e+02,1.177314e-02,1.718308e+01,6.098725e+00,10,6.098725e-01,1.639687e+00,6,1.333839e+02,1.009632e+02,1.019977e+02,3.041130e+02,6.339882e+01,6.100292e+01,6.896552e-02,1.927652e-01,4.822889e-03,Artifact
3.108100e+00,1.308994e+00,9.128970e-01,9.621933e-17,-8.413023e-17,6.291264e-18,6.380769e+02,6.648462e+02,6.975100e+02,8.270813e+02,1.938105e-02,1.552020e+01,4.940435e+00,21,2.352588e-01,4.250638e+00,12,7.163828e+02,4.654351e+02,4.797369e+02,8.491471e+02,5.792500e+02,5.973208e+02,3.703704e-02,3.967852e-01,-3.725445e-02,Artifact
2.018951e+00,1.662260e+00,1.598640e+00,-7.648203e-17,5.383348e-16,-3.947460e-17,400,7.658500e+03,0,1.028770e+04,2.936840e-02,2.217172e+00,0,2,0,2,23,0,0,0,1.028770e+04,1.028770e+04,1.028770e+04,0,2.370571e-01,3.089189e-02,Artifact
2.299665e+00,1.523849e+00,1.294911e+00,1.307596e-16,7.130099e-17,3.996803e-17,3.255000e+02,17000,2.121320e+00,0,1.107970e-02,2.217172e+00,0,2,0,2,20,2.121320e+00,2.121320e+00,2.121320e+00,0,0,0,0,1.731932e-01,2.793028e-02,Artifact
